age,heart_rate,glucose,prior_admission,gender_encoded
0.030611744331200747,0.0260475570105358,-0.018369562256363967,-0.02721498424860631,0.005700245163233793
-0.015589683067932356,-0.01988910617896514,-0.019918437506937947,0.023857750945544612,-0.0016855241917090858
0.10869901576928172,-0.034483749291234815,0.03129737943272906,-0.05807789243483894,-0.0006597534759368367
0.07720538214383064,0.1199834589388279,-0.06758942997581027,0.01593317185151357,0.01124241704163829
-0.019049619756759093,-0.01811978559042208,-0.02163559230091702,0.024525175818365205,0.0010548218297329608
-0.013738545302060621,-0.01381073358151999,-0.0012245035902378578,-0.004766763987418948,0.00031554646123742715
-0.027031399080363304,-0.010755279153122655,0.0407707039587343,-0.01691342008097384,0.0007043943557255918
-0.010524367016594083,-0.008374634579923433,-0.007136346805703367,-0.007340537459880581,0.0001508858621014536
-0.022047805017793052,-0.017250484652491724,-0.018005916429087193,0.022984453188671244,0.0010947529107007007
-0.012843683046216912,-0.009445101791286338,-0.006579906873971006,-0.004393185296750908,3.687700822516179e-05
-0.012287152554388382,-0.009683898208044344,-0.006952723979299644,-0.004338487284435369,3.7262026167745505e-05
-0.01491414175403752,0.05346704466105971,-0.02169636721731008,-0.010200740146529887,0.00011920445681797427
-0.034877490549844285,0.07493044857700694,0.008296200622530201,-0.0389028228235902,-0.0014213358261024743
-0.02065157837938438,-0.017047076772508548,-0.015207607463145928,0.0209792136487463,-0.0012979510337074254
-0.00794095939684698,-0.010199917648675484,0.00170813361291259,-0.008599243952669217,0.0018069873852791022
-0.01268812455854109,-0.010065767638425092,-0.006658409149006101,-0.0039045909341724307,9.18922801447243e-05
0.030643523599017685,0.1940891726468701,0.05446347335720934,0.01532253410416385,-0.0032198941834511415
0.0402350589152318,-0.040288906032282634,-0.03270813719037662,-0.0007428686024135713,0.0002798529098412433
-0.01572149723388011,0.004665999574651533,-0.00924020570861226,-0.010032581639965609,-0.002896714992193578
-0.01268812455854109,-0.010065767638425092,-0.006658409149006101,-0.0039045909341724307,9.18922801447243e-05
-0.012191620789742653,-0.009764303500024525,-0.006962674662830424,-0.004339871827180206,3.3470779777814906e-05
-0.016169588713758353,0.004136849441503079,-0.013240194573068489,-0.009533285050954392,0.001581218896278144
-0.01175239473531181,-0.009084613662534113,-0.005488418661328612,-0.006873097367698449,-2.6475573127014166e-05
-0.012403143704319124,-0.010796491197178458,-0.005868992571151155,-0.0041859640989735485,2.959157162229094e-05
-0.014809487481306675,-0.01573176182777921,-0.0033118687655510353,0.00037866976065203945,0.0002494483139849013
-0.011946423672843301,-0.009982155564873654,-0.0067379854450633735,-0.004625761278514481,6.732596129480256e-05
-0.012550781335469382,-0.012239757072471732,0.0014663061967809235,-0.009653508617299298,-0.0002472591715404854
0.036170087706835864,-0.030061021319875033,-0.021863973853846166,-0.018501391625660998,0.0010312990925464035
-0.013436680701291604,-0.01130252612029417,-0.008207365250984788,-0.00032324626480148615,4.4818337372053664e-05
0.17145564688716658,-0.01953722377395576,-0.0587999287229769,0.09205226323786689,-0.008395757628100606
-0.011221611781068149,-0.00996570157977671,-0.007534159784785629,-0.004535789808631466,3.2262954261946227e-05
-0.012564686488480581,-0.0017454525912165726,-0.007550731553722383,-0.011250531504828777,-0.00011359786175169452
-0.013615334128848964,-0.006201248980592743,-0.00733972778274322,-0.005723277343121259,-0.0003454117646938399
-0.013208875086862382,-0.01091101062399763,-0.00833962786870778,-0.0007991123760362919,3.36259556041035e-05
-0.010733237301596709,-0.009766460751278879,-0.004179279278783742,-0.008561521147966319,1.549847962568226e-05
-0.012866019432093959,-0.011300140979134636,-0.0037080061441704805,-0.005296832806706627,-5.4000637894285365e-05
0.006073802681019939,-0.026741067293215452,-0.007704513270275721,-0.004947202527196097,9.398040966733179e-05
-0.013838983166044544,-0.011194933041477067,-0.007993032929024977,-0.0002373307397274249,3.927987627402631e-05
-0.022395753527039677,-0.030738039585666434,-0.010373683548341808,0.048511912023710406,0.0017705646373377107
-0.012403634663722752,-0.009377065623804302,-0.006903474921412032,-0.004571686014616649,3.0861223555736404e-05
-0.011456762016869194,-0.010328328697997477,-0.007623822072247334,-0.003898433320307164,8.234610742117868e-05
-0.01150462298625534,-0.010073654264195571,-0.007325736904114679,-0.004365393473899112,4.440762846471246e-05
-0.010921961900387267,-0.008491669173435532,-0.006773834505945859,-0.007169083873400232,0.00013154945316888532
-0.010921880731556099,-0.008472838004604364,-0.006812998466984821,-0.007150252704569064,0.00013296990771433984
-0.012205702931489095,-0.009685704302476894,-0.0069380274700314775,-0.004402118320149958,6.553024147432854e-06
0.011492066847942748,-8.25353115533959e-05,-0.009342212681190643,-0.024524491988469798,-0.0007678268667288618
-0.010942846597813239,0.007498724944918023,-0.007501680441350035,-0.006289047130876341,0.004009849225121556
-0.01505209161476928,-0.013899195360368538,0.0014687726546096856,-0.005555526169192815,-0.00018695951027903208
-0.0062347046278252265,-0.01363161544573371,-0.007943252477621475,-0.004450596041809661,-0.0009648314070099316
-0.030699529481251594,-0.010459363510818371,0.022325707192761907,0.000460341462324677,-0.004852155663016544
-0.011099443104004264,-0.008432575505101809,-0.006521439725492939,-0.00718691131975084,1.5369654349842073e-05
-0.0110881088537676,0.0017957816447457065,-0.011726824785880606,-0.011931745471840952,-0.00027410253325655396
-0.0050470029140237726,-0.026228480379422773,0.01110555061684512,-0.006166298596234879,0.0031112312728363237
0.022432474493992192,-0.028881422160364805,-0.006121258373043203,0.014388438126097856,0.004956767913317958
0.10324102886200386,0.20783566905632203,0.03208588116624201,0.01784368089948097,0.018768740015951562
-0.01062693002292392,-0.00874922385522242,-0.006655433218540672,-0.007220238687602981,2.682578428999107e-05
-0.014766568980954367,-0.017998942107874814,-0.0006362462993123501,0.0002820444472926418,-0.0001052870591510996
0.0035020004446749704,-0.016668351026610507,0.03152675671831912,-0.011390749993740078,-0.00019465614264344025
-0.015645463864040407,-0.010903372709410391,0.001069162610101194,-0.0075420757988777665,-0.00020325023777262844
-0.01216615726130997,-0.026611140131296805,0.00998449922151898,-0.004405691002560764,-2.651082635138798e-05
-0.012915483756908968,-0.011356730242319375,-0.008324313348856305,-0.0006571418748749849,2.8669222959655437e-05
-0.008711109193691557,-0.01624424197324289,0.006091163026702437,-0.00724963302786786,0.0028888211680998506
-0.010160166452860601,-0.008378167478116557,-0.007318947045118319,-0.007377853191671507,1.0134167766961395e-05
-0.006301169128964616,0.0016852746516895936,-0.008463056770375212,-0.004118846832659038,0.003972798080309251
-0.012843683046216912,-0.009445101791286338,-0.006579906873971006,-0.004393185296750908,3.687700822516179e-05
-0.009592012510000449,-0.013422488435510653,-0.004443245823164846,-0.005529487735518863,-0.00023776549580519104
-0.011360871523542905,-0.009949897222651868,-0.007470048309726057,-0.0044631849506785864,1.9002006599418046e-05
-0.012644765141354139,-0.01313651537082997,0.003925963857142942,-0.011187855068902174,-0.00018182827605665232
0.10923701718305695,-0.012685234037191705,0.03398245487771496,-0.08439399301116288,0.0006347549875827172
-0.01934200253609282,-0.020923764017750517,-0.008200404114611783,0.02652081906302385,-0.0012796483945687219
-0.013229760762020721,-0.011875893028877064,-0.0036150915894132976,-0.004607002515363749,0.00010274789567484871
-0.011532183993854134,-0.012740103482918581,-0.0009817439787120962,-0.008143126506047005,0.0001721579615318221
-0.01951414111950216,0.04083929091822155,-0.023721513608929098,-0.02201888032781843,0.0011902441380282525
0.007321643750132461,-0.016224763497939602,0.016581115127375517,-0.011047820945964376,0.000144825566396014
0.07495868310129235,0.14885500993355819,0.01980418224000317,-0.021721808587933166,-0.03512106668692045
-0.013640191095798787,-0.011674033238300486,-0.008160010788312147,0.00015765272964730518,9.158239276411747e-05
-0.01296648991375218,-0.009761187793368119,-0.006130248548595078,-0.0043805808936098626,1.3507149325242278e-05
-0.013804110749237621,-0.01151302825951556,-0.007674791810860617,-0.0003368330268034263,0.00010376384641723571
-0.012547363240197592,0.012885345481898037,-0.010067095276777923,-0.0056922199900868295,0.004696333025164302
0.06307603112550121,-0.03909253133458997,0.05481128773246742,-0.032310990466592,0.00029120294321358873
-0.014924339489742958,-0.0028141728510469467,-0.008210109401973645,-0.007577178578180097,0.0003008003209436513
-0.015688067040939772,-0.003699168552478838,-0.0073380532576927116,-0.005601209694929303,-0.0008985014539593768
-0.010632795594854395,-0.008077911317907962,-0.0073323317291444185,-0.007331180553528026,0.00014921919543478695
-0.009629947983194928,-0.008488346996455053,-0.007686539926139447,-0.0073878762836161824,-3.228881059441119e-05
-0.013935305980244062,-0.011135708123684326,0.0061946450488394485,0.007833179638598024,-0.0021818105835090945
-0.00653110292427495,-0.010498622282170475,-0.00957448831203589,-0.006886202224199438,0.0002654157426807563
0.004319157490021702,-0.029309517750034934,0.015746599688471474,-0.008564449280154842,0.004583209851696621
-0.018508711197737813,0.08712033602782387,-0.02133316024011357,-0.024869045497890478,-0.004384419092081966
-0.016678644679015014,-0.014232588559171644,0.012595935568113377,-0.014976767684852873,6.706535492620428e-05
-0.007248952971815046,-0.008305288227124707,-0.00804149214789291,-0.009800620883713938,0.0001713542305465732
-0.00986750715861688,-0.008590010951375987,-0.007477086550995291,-0.007405914153168066,0.00011551881415620944
-0.014739506241816153,-0.02116549549762613,0.0038551540813236106,-0.0013237100333629889,0.00014855769148169545
-0.011505524461024184,-0.008189470237672289,-0.0064473155215917,-0.007212084876820118,0.00012939509710827924
0.05671732671256294,-0.025875769242470516,-0.023761867860074358,-0.02383906921353559,0.0035343796035177447
0.17785788150161813,0.17257451864489834,0.05469841994770486,0.10706283626756594,0.0445813436382124
-0.00759544495552311,-0.009209047256583822,-0.009217417538575398,-0.007180780424712489,-2.2309824605188913e-05
-0.011529443212864655,-0.010483770576464635,-0.007284712142575045,-0.00400324057772683,7.616650963116897e-05
-0.011182210820570106,-0.008758393599265248,-0.00631925419549651,-0.006936521133968812,-2.862025069932334e-05
0.003350886597703029,-0.020426343150057362,-0.010262614051353187,-0.00570118775256628,-0.00018574164372617621
-0.009835427177620652,-0.008956822829947959,-0.007297510545449465,-0.007181545636791177,4.630618980925015e-05
